-- Backup do banco de dados Creative Loop - 2025-12-22T12:31:17.715Z
-- GitHub: https://github.com/arisios/loopv3


-- ============================================
-- Tabela: users (3 registros)
-- ============================================

INSERT INTO users (id, openId, name, email, loginMethod, role, createdAt, updatedAt, lastSignedIn) VALUES (1, '3Bj4dyrrSGvGrTz3bmTvbn', 'Arisio Nogueira dos Santos', 'arisio75santos@gmail.com', 'google', 'admin', '2025-12-18T16:21:11.000Z', '2025-12-22T17:28:19.000Z', '2025-12-22T17:28:20.000Z');
INSERT INTO users (id, openId, name, email, loginMethod, role, createdAt, updatedAt, lastSignedIn) VALUES (4050045, '9PyMGZxrzFngj8YqAtGwRQ', 'rian barata', 'rianbrps0@gmail.com', 'google', 'user', '2025-12-21T22:36:40.000Z', '2025-12-22T11:41:25.000Z', '2025-12-22T11:41:25.000Z');
INSERT INTO users (id, openId, name, email, loginMethod, role, createdAt, updatedAt, lastSignedIn) VALUES (4200039, 'ZKQVrrKkCwfihySACLEVmF', 'leomotta.83', 'leomotta.83@gmail.com', 'email', 'user', '2025-12-22T00:16:28.000Z', '2025-12-22T00:16:29.000Z', '2025-12-22T00:16:30.000Z');

-- ============================================
-- Tabela: projects (6 registros)
-- ============================================

INSERT INTO projects (id, userId, name, description, sourceType, sourceUrl, sourceDescription, analysis, createdAt, updatedAt, logoUrl, colorPaletteId, customColors, defaultTemplateId, logoPosition, logoSize, niche, businessContext) VALUES (180001, 1, 'instagram.com/receitai.app', NULL, 'instagram', 'instagram.com/receitai.app', NULL, [object Object], '2025-12-20T00:02:30.000Z', '2025-12-20T00:02:49.000Z', 'https://d2xsxph8kpxj0f.cloudfront.net/310519663235737862/8KSL4ZTiyER4x52xANnJF9/logos/instagram.com-1766170969059.png', NULL, NULL, NULL, 'bottom-right', 10, NULL, NULL);
INSERT INTO projects (id, userId, name, description, sourceType, sourceUrl, sourceDescription, analysis, createdAt, updatedAt, logoUrl, colorPaletteId, customColors, defaultTemplateId, logoPosition, logoSize, niche, businessContext) VALUES (210001, 1, 'ReceitAi', NULL, 'description', NULL, 'Sou um Aplicativo de Rotina. Crio seu Cardápio, Seu Treino, Sua Rotina, ajudo a mudar seus hábitos para conquistar seus objetivos.', [object Object], '2025-12-20T15:17:02.000Z', '2025-12-22T01:15:09.000Z', 'https://d2xsxph8kpxj0f.cloudfront.net/310519663235737862/8KSL4ZTiyER4x52xANnJF9/uploads/1/1766348109346-logo-210001-1766348107747.jpg', NULL, NULL, NULL, 'bottom-right', 10, NULL, NULL);
INSERT INTO projects (id, userId, name, description, sourceType, sourceUrl, sourceDescription, analysis, createdAt, updatedAt, logoUrl, colorPaletteId, customColors, defaultTemplateId, logoPosition, logoSize, niche, businessContext) VALUES (270001, 1, 'instagram.com/receitai.app', NULL, 'instagram', 'instagram.com/receitai.app', NULL, [object Object], '2025-12-20T16:39:36.000Z', '2025-12-20T16:39:55.000Z', NULL, NULL, NULL, NULL, 'bottom-right', 10, NULL, NULL);
INSERT INTO projects (id, userId, name, description, sourceType, sourceUrl, sourceDescription, analysis, createdAt, updatedAt, logoUrl, colorPaletteId, customColors, defaultTemplateId, logoPosition, logoSize, niche, businessContext) VALUES (390001, 1, 'instagram.com/meumecanico.app', NULL, 'instagram', 'instagram.com/meumecanico.app', NULL, [object Object], '2025-12-21T07:24:47.000Z', '2025-12-21T07:25:05.000Z', NULL, NULL, NULL, NULL, 'bottom-right', 10, NULL, NULL);
INSERT INTO projects (id, userId, name, description, sourceType, sourceUrl, sourceDescription, analysis, createdAt, updatedAt, logoUrl, colorPaletteId, customColors, defaultTemplateId, logoPosition, logoSize, niche, businessContext) VALUES (540003, 1, 'App My Pet ', NULL, 'description', NULL, 'Aplicativo para Tutores de Pet', [object Object], '2025-12-22T05:11:37.000Z', '2025-12-22T05:11:43.000Z', NULL, NULL, NULL, NULL, 'bottom-right', 10, NULL, NULL);
INSERT INTO projects (id, userId, name, description, sourceType, sourceUrl, sourceDescription, analysis, createdAt, updatedAt, logoUrl, colorPaletteId, customColors, defaultTemplateId, logoPosition, logoSize, niche, businessContext) VALUES (540004, 1, 'APP MY PET ', NULL, 'instagram', 'https:instagram.com/app.my.pet', NULL, [object Object], '2025-12-22T05:13:27.000Z', '2025-12-22T05:13:34.000Z', NULL, NULL, NULL, NULL, 'bottom-right', 10, NULL, NULL);

-- ============================================
-- Tabela: influencers (13 registros)
-- ============================================

INSERT INTO influencers (id, userId, name, type, description, referenceImageUrl, beforeImageUrl, afterImageUrl, style, createdAt, updatedAt, niche, photoUrl) VALUES (90001, 1, 'Nora Receitai', 'normal', NULL, 'https://d2xsxph8kpxj0f.cloudfront.net/310519663235737862/8KSL4ZTiyER4x52xANnJF9/uploads/1/1766077888159-nora-receitai-reference.png', NULL, NULL, NULL, '2025-12-18T22:11:28.000Z', '2025-12-18T22:11:28.000Z', 'Emagrecimento Natural com mudança de hábitos e rotina', NULL);
INSERT INTO influencers (id, userId, name, type, description, referenceImageUrl, beforeImageUrl, afterImageUrl, style, createdAt, updatedAt, niche, photoUrl) VALUES (120001, 1, 'Steff', 'normal', NULL, 'https://d2xsxph8kpxj0f.cloudfront.net/310519663235737862/8KSL4ZTiyER4x52xANnJF9/uploads/1/1766191237058-steff-reference.png', NULL, NULL, NULL, '2025-12-20T05:40:37.000Z', '2025-12-20T05:40:37.000Z', 'Obesa que quer emagrecar', NULL);
INSERT INTO influencers (id, userId, name, type, description, referenceImageUrl, beforeImageUrl, afterImageUrl, style, createdAt, updatedAt, niche, photoUrl) VALUES (150001, 1, 'Nelson Portuga', 'normal', NULL, 'https://d2xsxph8kpxj0f.cloudfront.net/310519663235737862/8KSL4ZTiyER4x52xANnJF9/uploads/1/1766192762694-nelson-portuga-reference.png', NULL, NULL, NULL, '2025-12-20T06:06:03.000Z', '2025-12-20T06:06:03.000Z', 'Rotina Saudável,  Alimentação e Exercícios ', NULL);
INSERT INTO influencers (id, userId, name, type, description, referenceImageUrl, beforeImageUrl, afterImageUrl, style, createdAt, updatedAt, niche, photoUrl) VALUES (180001, 1, 'Duda Fisioterapia ', 'normal', NULL, 'https://d2xsxph8kpxj0f.cloudfront.net/310519663235737862/8KSL4ZTiyER4x52xANnJF9/uploads/1/1766249748183-duda-fisioterapia--reference.png', NULL, NULL, NULL, '2025-12-20T21:55:48.000Z', '2025-12-20T21:55:48.000Z', 'Fisioterapia para Idosos', NULL);
INSERT INTO influencers (id, userId, name, type, description, referenceImageUrl, beforeImageUrl, afterImageUrl, style, createdAt, updatedAt, niche, photoUrl) VALUES (210001, 1, 'Gabriel Garcia Arte', 'normal', NULL, 'https://d2xsxph8kpxj0f.cloudfront.net/310519663235737862/8KSL4ZTiyER4x52xANnJF9/uploads/1/1766252002320-gabriel-garcia-arte-reference.png', NULL, NULL, NULL, '2025-12-20T22:33:23.000Z', '2025-12-20T22:33:23.000Z', 'Tatoo', NULL);
INSERT INTO influencers (id, userId, name, type, description, referenceImageUrl, beforeImageUrl, afterImageUrl, style, createdAt, updatedAt, niche, photoUrl) VALUES (300001, 1, 'Malua', 'normal', NULL, 'https://d2xsxph8kpxj0f.cloudfront.net/310519663235737862/8KSL4ZTiyER4x52xANnJF9/uploads/1/1766263757323-malua-reference.png', NULL, NULL, NULL, '2025-12-21T01:49:18.000Z', '2025-12-21T01:49:18.000Z', 'Dentista ', NULL);
INSERT INTO influencers (id, userId, name, type, description, referenceImageUrl, beforeImageUrl, afterImageUrl, style, createdAt, updatedAt, niche, photoUrl) VALUES (360002, 1, 'Helio', 'normal', NULL, 'https://d2xsxph8kpxj0f.cloudfront.net/310519663235737862/8KSL4ZTiyER4x52xANnJF9/uploads/1/1766271899694-helio-reference.png', NULL, NULL, NULL, '2025-12-21T04:05:00.000Z', '2025-12-21T04:05:00.000Z', 'Jurado de  Batalha de Rima', NULL);
INSERT INTO influencers (id, userId, name, type, description, referenceImageUrl, beforeImageUrl, afterImageUrl, style, createdAt, updatedAt, niche, photoUrl) VALUES (420001, 1, 'Rian Baratart', 'normal', NULL, 'https://d2xsxph8kpxj0f.cloudfront.net/310519663235737862/8KSL4ZTiyER4x52xANnJF9/uploads/1/1766331467133-rian-baratart-reference.png', NULL, NULL, NULL, '2025-12-21T20:37:47.000Z', '2025-12-21T20:37:47.000Z', 'Designer Gráfico, Artista Digital', NULL);
INSERT INTO influencers (id, userId, name, type, description, referenceImageUrl, beforeImageUrl, afterImageUrl, style, createdAt, updatedAt, niche, photoUrl) VALUES (450001, 4050045, 'Carol fit', 'normal', NULL, 'https://d2xsxph8kpxj0f.cloudfront.net/310519663235737862/8KSL4ZTiyER4x52xANnJF9/uploads/4050045/1766338659215-carol-fit-reference.png', NULL, NULL, NULL, '2025-12-21T22:37:39.000Z', '2025-12-21T22:37:39.000Z', 'Emagrecimento e rotina saudavel', NULL);
INSERT INTO influencers (id, userId, name, type, description, referenceImageUrl, beforeImageUrl, afterImageUrl, style, createdAt, updatedAt, niche, photoUrl) VALUES (480001, 4050045, 'Nanda fit', 'normal', NULL, 'https://d2xsxph8kpxj0f.cloudfront.net/310519663235737862/8KSL4ZTiyER4x52xANnJF9/uploads/4050045/1766342226610-nanda-fit-reference.png', NULL, NULL, NULL, '2025-12-21T23:37:06.000Z', '2025-12-21T23:37:06.000Z', 'Fitness, saúde, alimentação saudavel', NULL);
INSERT INTO influencers (id, userId, name, type, description, referenceImageUrl, beforeImageUrl, afterImageUrl, style, createdAt, updatedAt, niche, photoUrl) VALUES (510002, 1, 'João Bobão', 'normal', 'Baixinho 1,63 , gordinho desajeitado,  cara de nordestino brasileiro,  careca no cucuruco e cabelos ralos enrolados dos lados 0', 'https://d2xsxph8kpxj0f.cloudfront.net/310519663235737862/8KSL4ZTiyER4x52xANnJF9/generated/1766354437879.png', NULL, NULL, NULL, '2025-12-22T03:01:03.000Z', '2025-12-22T03:01:03.000Z', 'Falta de conhecimento em mecânica ', NULL);
INSERT INTO influencers (id, userId, name, type, description, referenceImageUrl, beforeImageUrl, afterImageUrl, style, createdAt, updatedAt, niche, photoUrl) VALUES (540001, 4050045, 'Geraldo cortes', 'normal', NULL, 'https://d2xsxph8kpxj0f.cloudfront.net/310519663235737862/8KSL4ZTiyER4x52xANnJF9/uploads/4050045/1766382978536-geraldo-cortes-reference.png', NULL, NULL, NULL, '2025-12-22T10:56:18.000Z', '2025-12-22T10:56:18.000Z', 'Barbearia', NULL);
INSERT INTO influencers (id, userId, name, type, description, referenceImageUrl, beforeImageUrl, afterImageUrl, style, createdAt, updatedAt, niche, photoUrl) VALUES (570001, 4050045, 'Renanzin digital', 'normal', NULL, 'https://d2xsxph8kpxj0f.cloudfront.net/310519663235737862/8KSL4ZTiyER4x52xANnJF9/uploads/4050045/1766385419009-renanzin-digital-reference.png', NULL, NULL, NULL, '2025-12-22T11:36:59.000Z', '2025-12-22T11:36:59.000Z', 'Jornalismo digital', NULL);

-- ============================================
-- Tabela: influencerContents (37 registros)
-- ============================================

INSERT INTO influencerContents (id, influencerId, userId, type, template, source, title, description, hook, status, createdAt, updatedAt) VALUES (1, 1, 1, 'carousel', 'bastidores', NULL, 'Conteúdo de influenciador', NULL, NULL, 'ready', '2025-12-18T17:15:43.000Z', '2025-12-18T17:15:43.000Z');
INSERT INTO influencerContents (id, influencerId, userId, type, template, source, title, description, hook, status, createdAt, updatedAt) VALUES (30001, 1, 1, 'carousel', 'dica-rapida', NULL, '3 Erros Comuns na Hidratação Pós-Treino', 'A água é essencial, mas você sabia que a forma como você se hidrata depois do treino pode estar sabotando sua recuperação? 💦 Evite esses 3 erros e sinta a diferença na sua energia e performance no dia seguinte. Qual desses você mais comete?', 'Sua hidratação pós-treino pode estar ERRADA!', 'ready', '2025-12-18T17:34:56.000Z', '2025-12-18T17:34:56.000Z');
INSERT INTO influencerContents (id, influencerId, userId, type, template, source, title, description, hook, status, createdAt, updatedAt) VALUES (60001, 30001, 1, 'carousel', 'bastidores', NULL, 'A Realidade do Treino: Por Trás dos Stories', 'Muita gente vê o resultado final, mas esquece que a consistência é feita de pequenos (e nem sempre glamourosos) momentos. Hoje eu abro o jogo sobre o que realmente acontece nos bastidores dos meus treinos. Não é só sobre levantar peso, é sobre levantar o ânimo. 💪✨', 'O que a Ana Fitness faz quando a câmera desliga?', 'ready', '2025-12-18T18:12:36.000Z', '2025-12-18T18:12:36.000Z');
INSERT INTO influencerContents (id, influencerId, userId, type, template, source, title, description, hook, status, createdAt, updatedAt) VALUES (90001, 60001, 1, 'carousel', 'recomendacao', NULL, 'A Melhor Dupla Pra Tarde: Café e Queijo!', 'Ô, meu povo! Vocês sabem que eu sou fã de um bom café, mas ele sozinho fica meio ''solteiro'', né? Pra fazer a festa completa, só com um queijinho artesanal do lado. Pense numa combinação que abraça a alma! Se liga nas minhas dicas pra não errar na escolha.', 'O segredo do meu café da tarde? Não é o açúcar, é o queijo!', 'ready', '2025-12-18T19:49:16.000Z', '2025-12-18T19:49:16.000Z');
INSERT INTO influencerContents (id, influencerId, userId, type, template, source, title, description, hook, status, createdAt, updatedAt) VALUES (120001, 90001, 1, 'carousel', 'storytelling', NULL, 'A Saga das Luzes de Natal (e a Gravidade)', 'Quem nunca? O Natal é lindo, mas a montagem da decoração é uma aventura. Eu conto a minha saga anual com as luzes que insistem em desafiar a física. 😅 Marca aqui quem já passou por isso!', 'Sabe aquele momento que você acha que venceu o Natal?', 'ready', '2025-12-18T22:12:40.000Z', '2025-12-18T22:12:40.000Z');
INSERT INTO influencerContents (id, influencerId, userId, type, template, source, title, description, hook, status, createdAt, updatedAt) VALUES (120002, 90001, 1, 'carousel', 'storytelling', NULL, 'A Saga das Luzes de Natal (E o Drama da Gravidade)', 'Quem nunca? O Natal é mágico, mas a física tem um senso de humor peculiar. Me conta o seu pior fail de decoração nos comentários! 👇 #NatalFail #DecoracaoDeNatal #NoraReceitai #Storytelling', 'Sabe aquele momento que você pensa: ''Agora sim, a decoração está perfeita!''? Pois é, a gravidade discorda.', 'ready', '2025-12-18T22:12:47.000Z', '2025-12-18T22:12:47.000Z');
INSERT INTO influencerContents (id, influencerId, userId, type, template, source, title, description, hook, status, createdAt, updatedAt) VALUES (150001, 90001, 1, 'carousel', 'storytelling', NULL, 'O Desafio do Espelho Inverso: Eu vs. Minha Versão IA', 'Sempre achei que a IA era só um reflexo, mas e se ela fosse a inspiração? 🤯  Vi essa trend do ''Filtro Inverso'' e tive que experimentar. A gente passa tanto tempo criando a persona digital perfeita, que esquecemos que ela pode nos ensinar algo sobre quem realmente somos ou quem queremos ser. Qual das ''Noras'' vocês preferem? Me contem nos comentários! 👇 #FiltroInverso #IAvsRealidade #NoraReceitai #DesafioDigital', 'Será que a sua versão IA é mais ''você'' do que você mesmo?', 'ready', '2025-12-19T19:42:43.000Z', '2025-12-19T19:42:43.000Z');
INSERT INTO influencerContents (id, influencerId, userId, type, template, source, title, description, hook, status, createdAt, updatedAt) VALUES (180001, 120001, 1, 'carousel', 'rotina', NULL, 'Minha Rotina de Jantar Descomplicado', 'Quem mais ama cozinhar, mas odeia a parte de planejar? 🙋‍♀️ Desde que comecei a usar o ReceitAI, minha rotina de jantares ficou muito mais leve e criativa! Sério, ele resolve o dilema do ''o que vamos comer hoje?'' em segundos. Me contem nos comentários qual foi a última coisa incrível que vocês cozinharam! 👇 #ReceitAI #RotinaSteff #JantarRápido #CozinhaCriativa', 'A solução para o meu dilema diário: ''O que cozinhar hoje?''', 'ready', '2025-12-20T05:43:37.000Z', '2025-12-20T05:43:37.000Z');
INSERT INTO influencerContents (id, influencerId, userId, type, template, source, title, description, hook, status, createdAt, updatedAt) VALUES (210001, 150001, 1, 'carousel', 'rotina', NULL, 'A minha rotina (e como ela ficou mais saborosa)', 'Vocês sempre me pedem para mostrar como é o meu dia, e a verdade é que, desde que comecei a usar o ReceitAI, a parte da cozinha ficou muito mais leve e divertida. Não preciso mais passar horas pensando no que fazer. É só abrir o app e pronto! Mais tempo para o café e para organizar as ideias. Quem aí também ama uma rotina otimizada? #NelsonPortuga #Rotina #ReceitAI #CozinhaFácil #SoftSell', 'Como o ReceitAI mudou a minha rotina matinal (e o meu almoço).', 'ready', '2025-12-20T06:08:04.000Z', '2025-12-20T06:08:04.000Z');
INSERT INTO influencerContents (id, influencerId, userId, type, template, source, title, description, hook, status, createdAt, updatedAt) VALUES (240001, 180001, 1, 'carousel', 'rotina', NULL, 'Rotina de Cuidado e Movimento', 'Um pedacinho do meu dia, focado em garantir que a mobilidade e a qualidade de vida dos nossos idosos estejam sempre em alta! 🧡 Não é só sobre exercícios, é sobre independência e alegria. Me conta: qual parte da rotina de fisioterapia você mais gosta de acompanhar?', 'A rotina que transforma dias e garante sorrisos!', 'ready', '2025-12-20T21:57:14.000Z', '2025-12-20T21:57:14.000Z');
INSERT INTO influencerContents (id, influencerId, userId, type, template, source, title, description, hook, status, createdAt, updatedAt) VALUES (240002, 180002, 1, 'carousel', 'bastidores', NULL, 'Bastidores da Notícia: CBN', 'Um pouquinho do meu dia a dia! Entre pautas, edições e a adrenalina de manter vocês informados. Ser jornalista e editora na CBN é desafiador, mas amo cada segundo. 💻📰 #Bastidores #Jornalismo #CBN #VidaDeEditora #CarolNaRedação', 'Vem ver como a notícia ganha vida!', 'ready', '2025-12-20T22:07:12.000Z', '2025-12-20T22:07:12.000Z');
INSERT INTO influencerContents (id, influencerId, userId, type, template, source, title, description, hook, status, createdAt, updatedAt) VALUES (270001, 210001, 1, 'carousel', 'desafio', NULL, 'Desafio do Estúdio em Casa: Onde a Arte Acontece', 'Sempre me perguntam como é a rotina de tatuar em casa. É um desafio, mas a vibe é única! Se você também trabalha de casa, sabe como é misturar o conforto do lar com a seriedade do trabalho. Deslize para ver os ''desafios'' e me conta nos comentários: Qual desses é o seu maior dilema? #TattooHomeStudio #GabrielGarciaArte #DesafioEmCasa #VidaDeTatuador #ArteNaPele', 'Você consegue adivinhar qual é o maior desafio de um tatuador que trabalha em casa?', 'ready', '2025-12-20T22:34:17.000Z', '2025-12-20T22:34:17.000Z');
INSERT INTO influencerContents (id, influencerId, userId, type, template, source, title, description, hook, status, createdAt, updatedAt) VALUES (300001, 180001, 1, 'carousel', 'mitos-verdades', NULL, 'Mitos e Verdades sobre os Fails de Natal 🎄', 'Gente, o Natal tá aí e a gente ama uma decoração, né? Mas vamos combinar: quem nunca teve um ''pequeno'' desastre na hora de montar as luzes? 😂  Separei alguns mitos e verdades sobre esses momentos épicos que a gente vive todo ano. E lembrem-se: o importante é a diversão, mesmo que a árvore pareça ter sofrido um ataque de gato! 🤪', 'Sua decoração de Natal tá mais pra ''fail'' do que ''fairy tale''? Descubra a verdade!', 'ready', '2025-12-20T23:49:58.000Z', '2025-12-20T23:49:58.000Z');
INSERT INTO influencerContents (id, influencerId, userId, type, template, source, title, description, hook, status, createdAt, updatedAt) VALUES (330001, 240001, 1, 'carousel', 'testemunho', NULL, 'Cuidado que Transforma', 'A vida acontece, e às vezes precisamos de um apoio extra para garantir que quem amamos esteja seguro e feliz. Falei um pouco sobre como a ajuda profissional fez toda a diferença na rotina da minha família. Se você está passando por isso, saiba que pedir ajuda é um ato de amor. ❤️ #CuidadoComAmor #Família #BemEstarSenior #CuidadoraDeIdosos', 'O momento que percebi que precisávamos de ajuda para cuidar da Vovó.', 'ready', '2025-12-21T00:14:07.000Z', '2025-12-21T00:14:07.000Z');
INSERT INTO influencerContents (id, influencerId, userId, type, template, source, title, description, hook, status, createdAt, updatedAt) VALUES (360001, 270001, 1, 'carousel', 'historia', NULL, 'A Magia de Petrópolis: Além dos Palácios', 'Petrópolis tem um charme que vai além da história. É sobre a vida que floresce nos quintais. Vem comigo ver um pouco da minha rotina e o que faz essa cidade ser tão especial para quem ama verde. 🌿 #JardineiroEmPetrópolis #VidaNoJardim #SerraVerde', 'O que faz um jardim ser realmente imperial?', 'ready', '2025-12-21T01:02:45.000Z', '2025-12-21T01:02:45.000Z');
INSERT INTO influencerContents (id, influencerId, userId, type, template, source, title, description, hook, status, createdAt, updatedAt) VALUES (390001, 300001, 1, 'carousel', 'rotina', NULL, 'Minha Rotina de Self-Care Matinal', 'Começar o dia cuidando de mim é essencial! 💖 Não é só sobre estética, é sobre sentir-se bem e confiante para encarar a semana. Pequenos hábitos fazem toda a diferença na nossa autoestima. E vocês, qual o ritual matinal favorito?', '5 passos para começar o dia com a autoestima lá em cima!', 'ready', '2025-12-21T01:50:03.000Z', '2025-12-21T01:50:03.000Z');
INSERT INTO influencerContents (id, influencerId, userId, type, template, source, title, description, hook, status, createdAt, updatedAt) VALUES (420001, 330001, 1, 'carousel', 'rotina', NULL, 'Minha Rotina de Preparação para a Semana', 'Sextou, mas a gente já começa a planejar a próxima semana, né? Pra mim, tranquilidade é a chave. Dar aquela checada geral no carro antes do corre-corre é essencial. Me conta: qual é o seu ritual de fim de semana pra começar bem a segunda?', 'Como eu garanto que minha semana comece sem estresse (e sem surpresas na estrada).', 'ready', '2025-12-21T03:22:44.000Z', '2025-12-21T03:22:44.000Z');
INSERT INTO influencerContents (id, influencerId, userId, type, template, source, title, description, hook, status, createdAt, updatedAt) VALUES (450001, 360001, 1, 'carousel', 'bastidores', NULL, 'A Vida do Truck: Preparação e Chopp Gelado', 'Muita gente vê o truck na rua, mas não imagina o rolê que é pra deixar tudo pronto! Hoje, um pouco dos bastidores pra vocês entenderem a mágica do chopp artesanal. 🍻✨', 'O que acontece antes do primeiro chopp ser tirado?', 'ready', '2025-12-21T03:58:06.000Z', '2025-12-21T03:58:06.000Z');
INSERT INTO influencerContents (id, influencerId, userId, type, template, source, title, description, hook, status, createdAt, updatedAt) VALUES (450002, 360002, 1, 'carousel', 'bastidores', NULL, 'Preparação para o Coliseu', 'Dia de imersão total! 🎧 Tô aqui nos ajustes finais, revisando os critérios e aprimorando o olhar para o que vai ser a Batalha do Coliseu. A energia desse evento é surreal e a responsabilidade de ser jurado é grande. Quem vocês acham que vai brilhar mais? Contem aqui! 👇 #BatalhaDoColiseu #HelioJulgador #Bastidores', 'O que acontece antes de subir no palco digital?', 'ready', '2025-12-21T04:07:09.000Z', '2025-12-21T04:07:09.000Z');
INSERT INTO influencerContents (id, influencerId, userId, type, template, source, title, description, hook, status, createdAt, updatedAt) VALUES (480001, 390001, 1, 'carousel', 'dica-rapida', NULL, '3 Passos para Começar a Guardar Dinheiro HOJE', 'Sempre me perguntam como começar a guardar dinheiro sem sentir que estou abrindo mão de tudo. A chave é a consistência, não a quantidade! 🔑 Separei 3 dicas super rápidas para você dar o primeiro passo ainda essa semana. Me conta: qual desses passos você vai aplicar primeiro? 👇 #DicasFinanceiras #VidaFinanceira #RaquelTips #SoftSell #EconomiaInteligente', 'Cansada de só ver o dinheiro sumir? Comece a guardar com 3 passos simples!', 'ready', '2025-12-21T05:04:54.000Z', '2025-12-21T05:04:54.000Z');
INSERT INTO influencerContents (id, influencerId, userId, type, template, source, title, description, hook, status, createdAt, updatedAt) VALUES (510001, 420001, 1, 'carousel', 'dica-rapida', NULL, '3 Fontes de Inspiração que Vão Salvar Seu Projeto', 'Se você está travado na fase de ideação, respira fundo! Não precisa reinventar a roda, só olhar para os lugares certos. Eu sempre recorro a essas 3 fontes quando preciso daquele ''start'' criativo. Elas ajudam a dar profundidade e originalidade, sem cair no clichê. Salva essa dica para a próxima vez que o bloqueio bater! 👇', 'Travado no seu próximo projeto? Veja onde encontrar as melhores ideias!', 'ready', '2025-12-21T20:38:44.000Z', '2025-12-21T20:38:44.000Z');
INSERT INTO influencerContents (id, influencerId, userId, type, template, source, title, description, hook, status, createdAt, updatedAt) VALUES (540001, 450001, 4050045, 'carousel', 'rotina', NULL, 'Minha Rotina Matinal para Máxima Produtividade', 'Muita gente me pergunta como consigo manter o foco e a energia. A verdade é que a manhã dita o ritmo do seu dia! Não é sobre fazer tudo perfeito, mas sim sobre criar micro-hábitos que te impulsionam. Qual é o seu primeiro passo para um dia incrível? Me conta aqui nos comentários! 👇 #RotinaMatinal #Produtividade #CarolFit #BemEstar', '5 passos que transformaram minhas manhãs (e minha energia!)', 'ready', '2025-12-21T22:38:00.000Z', '2025-12-21T22:38:00.000Z');
INSERT INTO influencerContents (id, influencerId, userId, type, template, source, title, description, hook, status, createdAt, updatedAt) VALUES (540002, 450001, 4050045, 'carousel', 'recomendacao', NULL, 'Meus 3 Lanches Fit Favoritos', 'Quem disse que comer saudável precisa ser chato? Separei meus 3 lanches favoritos que são super práticos, deliciosos e não pesam na consciência (nem na balança!). Perfeitos para aquele momento de fome entre as refeições ou pré-treino. Qual deles você vai experimentar primeiro? Me conta!', '3 lanches que salvam a minha dieta (e meu humor!)', 'ready', '2025-12-21T22:45:30.000Z', '2025-12-21T22:45:30.000Z');
INSERT INTO influencerContents (id, influencerId, userId, type, template, source, title, description, hook, status, createdAt, updatedAt) VALUES (570001, 90001, 1, 'carousel', 'storytelling', NULL, 'POV: Se eu ganhasse na Mega da Virada...', 'Sonhar não custa nada, né? 😅 Mas se a sorte batesse na porta, meu plano seria bem claro: menos stress e mais tempo de qualidade. E o seu? Me conta nos comentários! 👇 #MegaDaVirada #Sonhos #Lifestyle #NoraReceitai', 'POV: O que eu faria se ganhasse na Mega da Virada (e como isso mudaria minha rotina)', 'ready', '2025-12-21T23:05:21.000Z', '2025-12-21T23:05:21.000Z');
INSERT INTO influencerContents (id, influencerId, userId, type, template, source, title, description, hook, status, createdAt, updatedAt) VALUES (600001, 480001, 4050045, 'carousel', 'rotina', NULL, 'Meu Dia na Real: Energia e Foco!', 'Muita gente pergunta como eu mantenho a energia e o foco o dia todo! Não tem segredo mágico, é consistência e carinho com o corpo. Essa é uma espiadinha na minha rotina, adaptada para me dar o máximo de rendimento e bem-estar. Lembrem-se: o melhor treino é aquele que você faz, e a melhor dieta é a que você sustenta! 💪✨ #NandaFit #RotinaSaudavel #FitnessMotivation #BemEstar #VidaAtiva', 'Quer saber como eu organizo meu dia para ter energia máxima?', 'ready', '2025-12-21T23:37:37.000Z', '2025-12-21T23:37:37.000Z');
INSERT INTO influencerContents (id, influencerId, userId, type, template, source, title, description, hook, status, createdAt, updatedAt) VALUES (630001, 510002, 1, 'carousel', 'rotina', NULL, 'A Rotina de Manutenção do João Bobão', 'Quem me conhece sabe que eu sou um desastre ambulante, e isso inclui meu carro. Mas com o App Meu Mecânico, até eu consigo manter a revisão em dia sem surtar! 😅

Se você também é enrolado ou só quer praticidade, corre lá baixar. É fácil demais, viu?

#joaobobao #rotinadocarro #meumecanico #vidareal #manutencao', 'Minha rotina de cuidado com o carro (porque até eu aprendi a ser organizado).', 'ready', '2025-12-22T03:02:21.000Z', '2025-12-22T03:02:21.000Z');
INSERT INTO influencerContents (id, influencerId, userId, type, template, source, title, description, hook, status, createdAt, updatedAt) VALUES (630002, 510002, 1, 'carousel', 'dica-rapida', NULL, 'Dica Rápida do João Bobão: O Carro Engasgando', 'Rapaz, eu sou a pessoa mais azarada com carro que existe. Mas depois que descobri essa dica, pelo menos não chego mais no mecânico com cara de ''me engana que eu gosto''. Se liga nessa moral!', 'Seu carro tá fazendo um barulho estranho? Não seja pego de surpresa!', 'ready', '2025-12-22T03:07:01.000Z', '2025-12-22T03:07:01.000Z');
INSERT INTO influencerContents (id, influencerId, userId, type, template, source, title, description, hook, status, createdAt, updatedAt) VALUES (660001, 90001, 1, 'carousel', 'rotina', NULL, 'Minha Rotina de Almoço Saudável (e sem estresse!)', 'Quem disse que manter o foco é difícil? Com a correria do dia a dia, eu preciso de ferramentas que me ajudem a ser prática. Hoje mostro como foi meu almoço e como o ReceitAI me ajuda a manter o controle calórico sem precisar pesar nada! 🥗✨

É só tirar a foto e pronto. Menos tempo calculando, mais tempo aproveitando a comida. 😉

#ReceitAI #RotinaSaudável #ControleCalórico #AlmoçoFit #NoraReceitai', 'Como eu mantenho o controle das calorias sem complicação?', 'ready', '2025-12-22T04:40:59.000Z', '2025-12-22T04:40:59.000Z');
INSERT INTO influencerContents (id, influencerId, userId, type, template, source, title, description, hook, status, createdAt, updatedAt) VALUES (690001, 510002, 1, 'carousel', 'dica-rapida', NULL, 'A Luz Misteriosa do Painel', 'Se você, como eu, já ficou olhando para o painel do carro sem entender nada, essa dica é pra gente! Não precisa ser mecânico, mas saber o básico salva a gente de um perrengue. Qual luz te dá mais medo? Comenta aí!', 'A luz acendeu e agora? O que significa esse desenho no painel?', 'ready', '2025-12-22T08:39:16.000Z', '2025-12-22T08:39:16.000Z');
INSERT INTO influencerContents (id, influencerId, userId, type, template, source, title, description, hook, status, createdAt, updatedAt) VALUES (720001, 510002, 1, 'carousel', 'storytelling', NULL, 'A Marcha Lenta da Vida: Reflexões de Fim de Ano', 'Neste fim de ano, a gente para e pensa: será que a vida tá rodando no ponto certo? Às vezes, o motor engasga, mas a gente aprende a apertar os parafusos. 🔩✨ #ReflexãoDeFimDeAno #JoãoBobão #MecânicaDaVida #NovoCiclo', 'Ano acabando e eu percebi que a vida é igual a um carro quebrado...', 'ready', '2025-12-22T10:12:07.000Z', '2025-12-22T10:12:07.000Z');
INSERT INTO influencerContents (id, influencerId, userId, type, template, source, title, description, hook, status, createdAt, updatedAt) VALUES (720002, 510002, 1, 'carousel', 'storytelling', NULL, 'A Aventura Inesperada do Pinguim Mecânico', 'Gente, vocês não vão acreditar no que aconteceu quando eu fui tentar consertar o carro. Encontrei um ''ajudante'' que tava mais perdido que eu na Antártida! 🐧😅 #JoaoBobao #MecanicaZero #PinguimAventureiro #ProblemasNoCarro', 'Eu juro que tentei consertar o motor, mas o que eu encontrei foi surreal...', 'ready', '2025-12-22T10:12:39.000Z', '2025-12-22T10:12:39.000Z');
INSERT INTO influencerContents (id, influencerId, userId, type, template, source, title, description, hook, status, createdAt, updatedAt) VALUES (750001, 540001, 4050045, 'carousel', 'recomendacao', NULL, 'Guia Rápido: Seu Corte Ideal', 'Sempre me perguntam qual o melhor corte. A verdade é que não existe ''o melhor'', mas sim o que mais valoriza a sua estrutura! Se liga nesse guia rápido que montei pra te ajudar a entender o que funciona pra você. Lembre-se: a confiança é o melhor acessório, mas um bom corte ajuda, e muito! 😉 #CortesGeraldo #Visagismo #EstiloMasculino #DicasDeCabelo', 'Cansado de cortes que não ''encaixam''? O segredo está no formato do seu rosto.', 'ready', '2025-12-22T10:56:57.000Z', '2025-12-22T10:56:57.000Z');
INSERT INTO influencerContents (id, influencerId, userId, type, template, source, title, description, hook, status, createdAt, updatedAt) VALUES (780001, 570001, 4050045, 'carousel', 'historia', NULL, 'A Jornada de Quem Cria: Por Trás das Câmeras', 'Sempre me perguntam como eu consigo manter o ritmo e a qualidade do conteúdo. A real é que ninguém cresce sozinho! Compartilhei um pouco da minha experiência e como o suporte certo faz toda a diferença na vida de um criador. Se você está nessa jornada, desliza para ver o que aprendi. 🚀 #VidaDeCriador #AssessoriaArtistica #RenanzinDigital', 'O segredo para não surtar na criação de conteúdo.', 'ready', '2025-12-22T11:37:50.000Z', '2025-12-22T11:37:50.000Z');
INSERT INTO influencerContents (id, influencerId, userId, type, template, source, title, description, hook, status, createdAt, updatedAt) VALUES (810001, 120001, 1, 'carousel', 'passo-a-passo', NULL, 'Retrospectiva 2024: O que aprendi na minha jornada de emagrecimento', '2024 foi o ano que decidi parar de adiar a vida. Não foi sobre perder 30kg em um mês, mas sobre ganhar consistência e saúde mental. Se você está começando, salva esse post! 👇 #EmagrecimentoReal #JornadaFitness #SaudeMental #Retrospectiva2024 #SteffFit', 'Eu em Janeiro vs. Eu em Dezembro: A retrospectiva que me fez chorar (de alegria!)', 'ready', '2025-12-22T14:28:32.000Z', '2025-12-22T14:28:32.000Z');
INSERT INTO influencerContents (id, influencerId, userId, type, template, source, title, description, hook, status, createdAt, updatedAt) VALUES (840001, 510002, 1, 'carousel', 'product', NULL, 'O Pneu pra quem só sabe ligar o carro', 'Eu não entendo NADA de carro, gente. Pra mim, se tem gasolina e a chave gira, tá bom. Mas até eu, o Bobão da mecânica, senti a diferença desse Pneu Esportivo! 🤯 Sério, parece que o carro tá me respeitando mais na curva. Se eu senti, qualquer um sente! 😅 #PneuBobão #MecânicaZero #DirigindoMelhor #PneuEsportivo', 'Eu sou o João Bobão e esse é o pneu que me fez sentir um piloto de F1 (por 5 segundos).', 'ready', '2025-12-22T15:34:40.000Z', '2025-12-22T15:34:40.000Z');
INSERT INTO influencerContents (id, influencerId, userId, type, template, source, title, description, hook, status, createdAt, updatedAt) VALUES (840002, 510002, 1, 'carousel', 'product', NULL, 'O Dia Que Quase Frito o Motor (e a Carteira!)', 'Gente, se tem uma coisa que eu sou especialista é em esquecer as coisas. E quando se trata de carro, o esquecimento custa caro! Aprenda com o meu desastre e não deixe o óleo virar borra. #JoaoBobaoMecanico #TrocaDeOleo #FiltroDeOleoTest #MecanicaParaLeigos', 'Eu sou o rei da manutenção adiada. E quase paguei o preço máximo!', 'ready', '2025-12-22T15:35:18.000Z', '2025-12-22T15:35:18.000Z');
INSERT INTO influencerContents (id, influencerId, userId, type, template, source, title, description, hook, status, createdAt, updatedAt) VALUES (870001, 510002, 1, 'carousel', 'storytelling', NULL, 'A Chave de Fenda da Vida', 'Às vezes, a gente só precisa de uma pausa pra apertar os parafusos certos. 🔧 Esse ano foi corrido, mas aprendi que nem todo ''motor'' precisa de um mecânico, às vezes só de um bom café e um tempinho pra refletir. Se você também tá precisando dar um ''grau'' na cabeça, confere o link na bio! #ReflexãoDeFimDeAno #JoãoBobão #VidaDeMecânicoAmador', 'Sempre achei que a vida era igual a um motor de fusca: complexa e cheia de peças que eu não sabia o nome.', 'ready', '2025-12-22T16:59:17.000Z', '2025-12-22T16:59:17.000Z');

-- ============================================
-- Tabela: influencerProducts (6 registros)
-- ============================================

INSERT INTO influencerProducts (id, influencer_id, name, description, suggested_approaches, selected_approaches, created_at, updated_at) VALUES (3, 510002, 'Filtro de Ar Esportivo', 'Filtro de ar de alta performance que aumenta a potência do motor', Storytelling/Relatabilidade: 'Se eu consegui instalar, você também consegue!' O influenciador filma a si mesmo tentando (e conseguindo, talvez com um pouco de trapalhada cômica) instalar o filtro de ar esportivo, focando na facilidade do processo ('Plug and Play' para leigos). A mensagem é: não precisa ser mecânico para ter mais potência.,Transformação/Teste Simples: Usar o Filtro de Ar Esportivo como a 'única peça' que ele entende e que realmente faz diferença. Ele faz um vídeo simples de 'antes e depois' (ex: um teste de aceleração ou som do motor) e dramatiza a diferença de performance, ligando a potência extra à sua necessidade de compensar a falta de 'habilidade' na direção ou no conhecimento técnico.,Educação Cômica (O Bê-á-bá da Potência): O influenciador explica, de forma extremamente simplificada e com termos leigos (e talvez errados, mas corrigidos pela legenda ou um 'especialista' de brincadeira), o que o filtro faz. Ele foca no benefício ('mais ar = mais força') e não na complexidade técnica, posicionando o produto como o 'atalho' para quem quer desempenho sem ter que estudar engenharia.,Economia/Custo-Benefício para Leigos: Comparar o custo do filtro esportivo com o custo de levar o carro em oficinas caras para 'ganhar potência'. O argumento é que o filtro é um investimento único, fácil de manter (lavável) e que evita visitas frequentes ao mecânico, apelando para o público que já se sente explorado por não entender de carro.,Prova Social (Aprovação do 'Mecânico da Esquina'): O influenciador, após instalar o filtro, leva o carro a um mecânico (pode ser um amigo ou ator) para uma 'revisão' e pede a opinião sobre a peça. O mecânico, mesmo que de forma relutante, confirma que o filtro de alta performance é de qualidade, dando credibilidade ao produto através de uma fonte que o influenciador normalmente 'teme'., Transformação/Teste Simples: Usar o Filtro de Ar Esportivo como a 'única peça' que ele entende e que realmente faz diferença. Ele faz um vídeo simples de 'antes e depois' (ex: um teste de aceleração ou som do motor) e dramatiza a diferença de performance, ligando a potência extra à sua necessidade de compensar a falta de 'habilidade' na direção ou no conhecimento técnico., '2025-12-22T07:01:59.000Z', '2025-12-22T14:24:17.000Z');
INSERT INTO influencerProducts (id, influencer_id, name, description, suggested_approaches, selected_approaches, created_at, updated_at) VALUES (4, 510002, 'Filtro de Óleo Test', 'Filtro de óleo de alta qualidade para teste', NULL, Storytelling: O desastre da troca de óleo,Educação: Mecânico para leigos,Economia: Custo do esquecimento, '2025-12-22T07:17:51.000Z', '2025-12-22T07:17:51.000Z');
INSERT INTO influencerProducts (id, influencer_id, name, description, suggested_approaches, selected_approaches, created_at, updated_at) VALUES (5, 510002, 'Filtro de Óleo Test', 'Filtro de óleo de alta qualidade para teste', NULL, Storytelling: O desastre da troca de óleo,Educação: Mecânico para leigos,Economia: Custo do esquecimento, '2025-12-22T07:18:39.000Z', '2025-12-22T07:18:39.000Z');
INSERT INTO influencerProducts (id, influencer_id, name, description, suggested_approaches, selected_approaches, created_at, updated_at) VALUES (6, 120001, 'Smart Fit - Academia', 'Academia Completa aparelhos modernos de última geração em todo Rio de Janeiro ', Storytelling e Quebra de Barreira (Primeiros Passos): Focar na ansiedade e intimidação de frequentar uma academia quando se está acima do peso. O influenciador deve gravar um 'Diário da Smart Fit', mostrando a facilidade de acesso, a ausência de julgamento e como os aparelhos modernos (descritos na Smart Fit) podem ser adaptados para iniciantes. A chamada é: 'Vencendo o medo da academia: Se eu consegui entrar na Smart Fit, você também consegue. Vem comigo ver como é fácil começar.',Transformação e Foco na Acessibilidade (Custo-Benefício): Utilizar a economia (descrita no produto) como um fator motivador. Comparar o custo mensal da Smart Fit com gastos não saudáveis (ex: fast food, lanches caros) e mostrar que o investimento na academia é um 'gasto com saúde' acessível. A abordagem deve ser um 'Antes e Depois' focado não apenas no peso, mas na energia e disposição, destacando que a Smart Fit oferece equipamentos de ponta por um preço que cabe no bolso de quem está começando.,Educação e Desmistificação de Aparelhos (Recursos Modernos): Criar vídeos curtos e didáticos (Reels/TikTok) explicando como usar 3-4 aparelhos específicos da Smart Fit (descritos como 'modernos') de forma segura e eficaz para quem tem mobilidade reduzida ou muito peso. Mostrar que a tecnologia ajuda a evitar lesões. A legenda deve ser: 'Parece difícil, mas a Smart Fit tem aparelhos que facilitam a vida de quem está voltando a se exercitar. Vem aprender a usar o [Nome do Aparelho] comigo!',Prova Social e Rotina Real (Consistência): Fazer um 'Vlog de um dia na Smart Fit' mostrando a rotina de treino, a interação com a equipe (se houver) e, principalmente, a frequência. A ênfase não é na intensidade, mas na consistência. Pedir para a audiência que também está na jornada de emagrecimento postar uma foto na Smart Fit e usar uma hashtag de comunidade, criando um grupo de apoio mútuo. Isso reforça que a academia é um ambiente de apoio, não de performance.,Urgência e Compromisso (Oferta de Adesão): Usar uma oferta de adesão (se houver parceria, como isenção de matrícula ou primeira mensalidade) atrelada à necessidade de 'começar agora'. O influenciador deve fazer um vídeo emocional sobre a importância de não adiar a saúde, usando a oferta da Smart Fit como o empurrão final. 'Chega de adiar! A Smart Fit está facilitando a entrada. Se você esperava um sinal para começar a cuidar de si, é este!', Prova Social e Rotina Real (Consistência): Fazer um 'Vlog de um dia na Smart Fit' mostrando a rotina de treino, a interação com a equipe (se houver) e, principalmente, a frequência. A ênfase não é na intensidade, mas na consistência. Pedir para a audiência que também está na jornada de emagrecimento postar uma foto na Smart Fit e usar uma hashtag de comunidade, criando um grupo de apoio mútuo. Isso reforça que a academia é um ambiente de apoio, não de performance., '2025-12-22T07:23:19.000Z', '2025-12-22T07:24:29.000Z');
INSERT INTO influencerProducts (id, influencer_id, name, description, suggested_approaches, selected_approaches, created_at, updated_at) VALUES (7, 510002, 'Pneu Esportivo', 'Pneu de alta performance para carros esportivos', Storytelling/Humor: 'O Pneu para quem só sabe ligar o carro': O influenciador faz um vídeo hilário tentando entender a diferença entre pneus comuns e o Pneu Esportivo, admitindo que não entende nada de mecânica. Ele foca em como a performance é notável *mesmo para um leigo* como ele, destacando a segurança e a sensação de 'dirigir melhor' sem precisar de conhecimento técnico. Foco na facilidade de sentir a diferença.,Transformação/Teste de Campo (Relatável): O influenciador faz um 'teste de motorista comum' em um circuito seguro ou estrada vazia. Primeiro, ele dirige com pneus antigos/comuns (mostrando sua direção desajeitada) e depois com os Pneus Esportivos. A ênfase não é na velocidade, mas na melhoria da aderência, da frenagem e da segurança percebida, com legendas como: 'Até o Baixinho desajeitado sentiu a diferença!'.,Educação Simplificada/Quebra de Mito: 'O Pneu Esportivo não é só para pilotos': O influenciador, de forma cômica e didática (para leigos), explica 1 ou 2 benefícios técnicos do pneu (ex: composto de borracha, desenho da banda de rodagem), traduzindo-os para o público não-técnico. Ele argumenta que a segurança e a estabilidade que o pneu oferece são ainda mais importantes para quem não é expert e precisa de uma margem extra de erro na estrada.,Prova Social/Depoimento de 'Vizinhos' (Autenticidade): O influenciador entrevista pessoas comuns (seus amigos ou seguidores, não necessariamente pilotos) que instalaram o pneu, perguntando sobre a experiência de uso diário (chuva, curvas, conforto). Isso reforça que o produto é acessível e benéfico para o motorista médio que busca um upgrade de segurança e desempenho, validando a compra sem o jargão técnico.,Economia/Custo-Benefício de Longo Prazo: O influenciador aborda a durabilidade e a segurança como um investimento, não um gasto. Ele usa a metáfora de que, para quem não entende de mecânica, investir em um pneu de alta qualidade é a 'manutenção preventiva' mais fácil e importante que se pode fazer, evitando sustos e reparos caros no futuro. Foco na paz de espírito que o produto proporciona ao motorista inseguro., Storytelling/Humor: 'O Pneu para quem só sabe ligar o carro': O influenciador faz um vídeo hilário tentando entender a diferença entre pneus comuns e o Pneu Esportivo, admitindo que não entende nada de mecânica. Ele foca em como a performance é notável *mesmo para um leigo* como ele, destacando a segurança e a sensação de 'dirigir melhor' sem precisar de conhecimento técnico. Foco na facilidade de sentir a diferença., '2025-12-22T07:34:16.000Z', '2025-12-22T14:23:56.000Z');
INSERT INTO influencerProducts (id, influencer_id, name, description, suggested_approaches, selected_approaches, created_at, updated_at) VALUES (30001, 510002, 'Teste ', 'Teste ', Teste, NULL, '2025-12-22T17:28:19.000Z', '2025-12-22T17:28:19.000Z');

-- ============================================
-- Tabela: trends (30 registros)
-- ============================================

INSERT INTO trends (id, userId, source, name, category, classification, viralProbability, suggestedNiches, collectedAt) VALUES (1, 1, 'google', 'Retrospectiva Spotify Wrapped 2024', 'Música', 'peak', 95, Música,Influenciadores,Humor,Lifestyle, '2025-12-18T17:04:03.000Z');
INSERT INTO trends (id, userId, source, name, category, classification, viralProbability, suggestedNiches, collectedAt) VALUES (2, 1, 'google', 'Planejamento de Férias de Verão e Pacotes de Viagem (Nordeste e Sul)', 'Lifestyle', 'rising', 80, Turismo,Finanças,Viagens,Moda Praia, '2025-12-18T17:04:03.000Z');
INSERT INTO trends (id, userId, source, name, category, classification, viralProbability, suggestedNiches, collectedAt) VALUES (3, 1, 'google', 'Resultados e Desdobramentos das Eleições Municipais (Pós-Segundo Turno)', 'Política', 'declining', 70, Jornalismo,Análise Política,Economia, '2025-12-18T17:04:03.000Z');
INSERT INTO trends (id, userId, source, name, category, classification, viralProbability, suggestedNiches, collectedAt) VALUES (4, 1, 'google', 'Lançamentos de Filmes e Séries de Natal/Fim de Ano (Netflix, Prime Video)', 'Entretenimento', 'peak', 90, Crítica de Cinema,Entretenimento,Cultura Pop, '2025-12-18T17:04:03.000Z');
INSERT INTO trends (id, userId, source, name, category, classification, viralProbability, suggestedNiches, collectedAt) VALUES (5, 1, 'google', 'Busca por Receitas de Ceia de Natal e Ano Novo', 'Lifestyle', 'rising', 95, Gastronomia,Culinária,Organização Doméstica, '2025-12-18T17:04:03.000Z');
INSERT INTO trends (id, userId, source, name, category, classification, viralProbability, suggestedNiches, collectedAt) VALUES (6, 1, 'google', 'Preparação para o Enem e Vestibulares (Resultados e Inscrições 2025)', 'Notícias', 'rising', 75, Educação,Coaching,Carreira, '2025-12-18T17:04:03.000Z');
INSERT INTO trends (id, userId, source, name, category, classification, viralProbability, suggestedNiches, collectedAt) VALUES (7, 1, 'google', 'Tendências de Maquiagem e Looks para Festas de Fim de Ano', 'Moda', 'rising', 85, Beleza,Moda,Influenciadores, '2025-12-18T17:04:03.000Z');
INSERT INTO trends (id, userId, source, name, category, classification, viralProbability, suggestedNiches, collectedAt) VALUES (8, 1, 'google', 'Inteligência Artificial Generativa em Ferramentas de Consumo (Ex: Criação de cartões de Natal)', 'Tech', 'rising', 65, Tecnologia,Marketing Digital,Design, '2025-12-18T17:04:03.000Z');
INSERT INTO trends (id, userId, source, name, category, classification, viralProbability, suggestedNiches, collectedAt) VALUES (9, 1, 'google', 'Mercado da Bola e Contratações Pós-Brasileirão', 'Esportes', 'peak', 88, Futebol,Jornalismo Esportivo,Análise de Dados, '2025-12-18T17:04:03.000Z');
INSERT INTO trends (id, userId, source, name, category, classification, viralProbability, suggestedNiches, collectedAt) VALUES (10, 1, 'google', 'Desafios de Dança e Músicas Virais de Verão (TikTok)', 'Humor', 'emerging', 92, Música,Dança,Humor,Criação de Conteúdo, '2025-12-18T17:04:03.000Z');
INSERT INTO trends (id, userId, source, name, category, classification, viralProbability, suggestedNiches, collectedAt) VALUES (11, 1, 'google', 'Revisão e Planejamento Financeiro Pessoal (Orçamento 2025 e 13º Salário)', 'Economia', 'rising', 78, Finanças Pessoais,Investimentos,Economia Doméstica, '2025-12-18T17:04:03.000Z');
INSERT INTO trends (id, userId, source, name, category, classification, viralProbability, suggestedNiches, collectedAt) VALUES (12, 1, 'google', 'Celebridades Brasileiras em Viagens Internacionais de Fim de Ano', 'Celebridades', 'peak', 85, Fofoca,Entretenimento,Moda, '2025-12-18T17:04:03.000Z');
INSERT INTO trends (id, userId, source, name, category, classification, viralProbability, suggestedNiches, collectedAt) VALUES (13, 1, 'google', 'Tendência ''Quiet Luxury'' e Minimalismo no Comportamento Pós-Festas', 'Lifestyle', 'emerging', 60, Moda,Comportamento,Design de Interiores, '2025-12-18T17:04:03.000Z');
INSERT INTO trends (id, userId, source, name, category, classification, viralProbability, suggestedNiches, collectedAt) VALUES (14, 1, 'google', 'Novidades sobre o Lançamento do GTA VI (Hype Contínuo)', 'Tech', 'rising', 75, Games,Tecnologia,Cultura Geek, '2025-12-18T17:04:03.000Z');
INSERT INTO trends (id, userId, source, name, category, classification, viralProbability, suggestedNiches, collectedAt) VALUES (15, 1, 'google', 'Busca por ''Presentes de Última Hora'' e Comércio Eletrônico', 'Lifestyle', 'peak', 90, E-commerce,Varejo,Dicas de Presentes, '2025-12-18T17:04:03.000Z');
INSERT INTO trends (id, userId, source, name, category, classification, viralProbability, suggestedNiches, collectedAt) VALUES (16, 1, 'tiktok', 'Retrospectiva 2024 (formato ''Eu em Janeiro vs. Eu em Dezembro'')', 'Lifestyle', 'rising', 95, Coaching,Finanças,Fitness,Humor,Viagens, '2025-12-18T17:05:04.000Z');
INSERT INTO trends (id, userId, source, name, category, classification, viralProbability, suggestedNiches, collectedAt) VALUES (17, 1, 'tiktok', 'Desafio do ''Presente Ruim'' (Troca de presentes de Natal com reações exageradas)', 'Humor', 'rising', 88, Família,Comédia,Varejo,Amigos, '2025-12-18T17:05:04.000Z');
INSERT INTO trends (id, userId, source, name, category, classification, viralProbability, suggestedNiches, collectedAt) VALUES (18, 1, 'tiktok', 'Sound Viral: Remix de funk melódico com áudio de ''Feliz Natal, Família!''', 'Música', 'peak', 92, Danças,Transições,Festas,Humor, '2025-12-18T17:05:04.000Z');
INSERT INTO trends (id, userId, source, name, category, classification, viralProbability, suggestedNiches, collectedAt) VALUES (19, 1, 'tiktok', 'Formato ''POV: O que eu faria se ganhasse na Mega da Virada''', 'Entretenimento', 'rising', 85, Finanças,Luxo,Viagens,Humor, '2025-12-18T17:05:04.000Z');
INSERT INTO trends (id, userId, source, name, category, classification, viralProbability, suggestedNiches, collectedAt) VALUES (20, 1, 'tiktok', 'Estética ''Clean Girl'' de Verão (Foco em maquiagem leve, praia e roupas de linho)', 'Moda', 'peak', 78, Beleza,Moda Praia,Skincare,Lifestyle, '2025-12-18T17:05:04.000Z');
INSERT INTO trends (id, userId, source, name, category, classification, viralProbability, suggestedNiches, collectedAt) VALUES (21, 1, 'tiktok', 'Hashtag #DicasDeVerão (Foco em proteção solar, receitas refrescantes e destinos de viagem)', 'Lifestyle', 'peak', 80, Gastronomia,Viagens,Saúde,Beleza, '2025-12-18T17:05:04.000Z');
INSERT INTO trends (id, userId, source, name, category, classification, viralProbability, suggestedNiches, collectedAt) VALUES (22, 1, 'tiktok', 'Trend de Áudio: Dublagens de bordões clássicos de novelas brasileiras (em alta devido às reprises/streaming)', 'Entretenimento', 'rising', 75, Humor,Cultura Pop,Dublagem, '2025-12-18T17:05:04.000Z');
INSERT INTO trends (id, userId, source, name, category, classification, viralProbability, suggestedNiches, collectedAt) VALUES (23, 1, 'tiktok', 'Desafio ''Um dia de treino para compensar a ceia''', 'Fitness', 'rising', 70, Academia,Nutrição,Saúde,Humor, '2025-12-18T17:05:04.000Z');
INSERT INTO trends (id, userId, source, name, category, classification, viralProbability, suggestedNiches, collectedAt) VALUES (24, 1, 'tiktok', 'Formato de vídeo ''Unboxing'' de presentes de Natal (com foco em tecnologia e cosméticos)', 'Tech', 'peak', 85, Eletrônicos,Beleza,Review de Produtos, '2025-12-18T17:05:04.000Z');
INSERT INTO trends (id, userId, source, name, category, classification, viralProbability, suggestedNiches, collectedAt) VALUES (25, 1, 'tiktok', 'Dancinha ''Passinho do Réveillon'' (Coreografia simples com música eletrônica ou axé)', 'Música', 'emerging', 65, Danças,Eventos,Festas, '2025-12-18T17:05:04.000Z');
INSERT INTO trends (id, userId, source, name, category, classification, viralProbability, suggestedNiches, collectedAt) VALUES (26, 1, 'tiktok', 'Conteúdo de ''Reflexão de Fim de Ano'' (Vídeos motivacionais curtos com trilha sonora calma)', 'Lifestyle', 'rising', 72, Coaching,Saúde Mental,Desenvolvimento Pessoal, '2025-12-18T17:05:04.000Z');
INSERT INTO trends (id, userId, source, name, category, classification, viralProbability, suggestedNiches, collectedAt) VALUES (27, 1, 'tiktok', 'Trend de humor ''Meu chefe me ligando dia 26 de dezembro''', 'Humor', 'peak', 80, Trabalho,Carreira,Comédia Corporativa, '2025-12-18T17:05:04.000Z');
INSERT INTO trends (id, userId, source, name, category, classification, viralProbability, suggestedNiches, collectedAt) VALUES (28, 1, 'tiktok', 'Discussões sobre a ''Crise do Streamer'' (Debate sobre mudanças nas plataformas e monetização)', 'Tech', 'declining', 50, Gaming,Marketing Digital,Criação de Conteúdo, '2025-12-18T17:05:04.000Z');
INSERT INTO trends (id, userId, source, name, category, classification, viralProbability, suggestedNiches, collectedAt) VALUES (29, 1, 'tiktok', 'Hashtag #Previsões2025 (Vídeos curtos de tarô, astrologia e metas de ano novo)', 'Lifestyle', 'emerging', 77, Astrologia,Espiritualidade,Metas, '2025-12-18T17:05:04.000Z');
INSERT INTO trends (id, userId, source, name, category, classification, viralProbability, suggestedNiches, collectedAt) VALUES (30, 1, 'tiktok', 'Formato ''Eu tentando manter a dieta no Natal'' (Uso de áudios de desespero cômico)', 'Gastronomia', 'peak', 83, Nutrição,Humor,Culinária, '2025-12-18T17:05:04.000Z');

-- ============================================
-- Tabela: virals (12 registros)
-- ============================================

INSERT INTO virals (id, userId, source, title, category, viralProbability, suggestedNiches, suggestedAngles, expiresAt, collectedAt) VALUES (1, 1, 'viralhog', 'Gato ''Gerente'' Interrompe Reunião Online com Exigência de Carinho', 'Animais', 95, Trabalho Remoto/Home Office,Humor Corporativo,Pet Lovers, POV: Seu chefe de verdade,O lado bom (e peludo) do home office,Tutorial: Como lidar com interrupções felinas, '2025-12-25T17:06:45.000Z', '2025-12-18T17:06:45.000Z');
INSERT INTO virals (id, userId, source, title, category, viralProbability, suggestedNiches, suggestedAngles, expiresAt, collectedAt) VALUES (2, 1, 'viralhog', 'Fails de Decoração de Natal: Luzes que Caíram no Pior Momento', 'Fails', 88, DIY/Decoração,Humor Sazonal,Comédia Familiar, Expectativa vs. Realidade do Natal,O que deu errado na decoração da vizinhança,Lições aprendidas (ou não) ao subir na escada, '2025-12-25T17:06:45.000Z', '2025-12-18T17:06:45.000Z');
INSERT INTO virals (id, userId, source, title, category, viralProbability, suggestedNiches, suggestedAngles, expiresAt, collectedAt) VALUES (3, 1, 'viralhog', 'Reação de Criança ao Ganhar um Presente Inesperado (Emoção Genuína)', 'Inspiração', 92, Parentalidade/Família,Marketing Emocional,Lifestyle, A pureza das crianças no Natal,Como um pequeno gesto pode mudar o dia de alguém,Melhores presentes de 2024 (segundo as crianças), '2025-12-25T17:06:45.000Z', '2025-12-18T17:06:45.000Z');
INSERT INTO virals (id, userId, source, title, category, viralProbability, suggestedNiches, suggestedAngles, expiresAt, collectedAt) VALUES (4, 1, 'viralhog', 'O Desafio do ''Filtro Inverso'': Pessoas Tentando Imitar Suas Versões de IA', 'Memes', 90, Tech/IA,Beleza/Maquiagem,Humor, A IA nos deixou mais bonitos ou mais estranhos?,Transformação de IA na vida real,Quando o filtro te trai, '2025-12-25T17:06:45.000Z', '2025-12-18T17:06:45.000Z');
INSERT INTO virals (id, userId, source, title, category, viralProbability, suggestedNiches, suggestedAngles, expiresAt, collectedAt) VALUES (5, 1, 'viralhog', 'Situação Inesperada: Entrega de Comida Feita por Drone que Caiu na Piscina', 'Fails', 85, Tecnologia e Inovação,Serviços de Delivery,Humor, O futuro do delivery é molhado?,Review sincero de entrega por drone,Como recuperar seu pedido (e seu drone), '2025-12-25T17:06:45.000Z', '2025-12-18T17:06:45.000Z');
INSERT INTO virals (id, userId, source, title, category, viralProbability, suggestedNiches, suggestedAngles, expiresAt, collectedAt) VALUES (6, 1, 'viralhog', 'Vídeo Satisfatório de Limpeza Extrema de Objeto Antigo (Restauração)', 'Satisfatório', 80, Restauração/DIY,Organização e Limpeza,Hobbies e Artesanato, Terapia visual: 60 segundos de perfeição,O antes e depois que você precisava ver,Ferramentas de limpeza que mudam vidas, '2025-12-25T17:06:45.000Z', '2025-12-18T17:06:45.000Z');
INSERT INTO virals (id, userId, source, title, category, viralProbability, suggestedNiches, suggestedAngles, expiresAt, collectedAt) VALUES (7, 1, 'viralhog', 'Cachorro ''Artista'' Pintando um Quadro Abstrato com a Cauda', 'Animais', 89, Arte e Cultura,Pet Lovers,Lifestyle, O próximo Picasso tem quatro patas,Investimento em arte canina: vale a pena?,Bastidores da vida de um artista excêntrico, '2025-12-25T17:06:45.000Z', '2025-12-18T17:06:45.000Z');
INSERT INTO virals (id, userId, source, title, category, viralProbability, suggestedNiches, suggestedAngles, expiresAt, collectedAt) VALUES (8, 1, 'viralhog', 'A Reação de um Adolescente ao Tentar Cozinhar uma Receita Viral Complexa', 'Humor', 87, Culinária/Gastronomia,Geração Z/Adolescentes,Comédia Familiar, Quando o TikTok te faz um chef (ou não),Erros de cozinha que todos cometemos,Receitas virais: Testadas e reprovadas, '2025-12-25T17:06:45.000Z', '2025-12-18T17:06:45.000Z');
INSERT INTO virals (id, userId, source, title, category, viralProbability, suggestedNiches, suggestedAngles, expiresAt, collectedAt) VALUES (9, 1, 'viralhog', 'Momento Fofo: Pinguim Tentando ''Roubar'' o Gorro de um Turista na Antártida', 'Animais', 93, Viagem e Turismo,Vida Selvagem,Fofura Extrema, O pinguim mais ousado do mundo,Interações inesperadas com a vida selvagem,Dicas de viagem: Proteja seus acessórios dos animais, '2025-12-25T17:06:45.000Z', '2025-12-18T17:06:45.000Z');
INSERT INTO virals (id, userId, source, title, category, viralProbability, suggestedNiches, suggestedAngles, expiresAt, collectedAt) VALUES (10, 1, 'viralhog', 'Mini-Documentário de 60 Segundos: O ''Dia de Sorte'' de um Morador de Rua', 'Inspiração', 84, Responsabilidade Social,Histórias de Vida,Jornalismo Cidadão, Pequenas gentilezas que transformam,O poder da comunidade,Histórias que aquecem o coração, '2025-12-25T17:06:45.000Z', '2025-12-18T17:06:45.000Z');
INSERT INTO virals (id, userId, source, title, category, viralProbability, suggestedNiches, suggestedAngles, expiresAt, collectedAt) VALUES (11, 1, 'viralhog', 'Desafio de ''Sincronia Perfeita'' em Grupo (Coreografia de 3 Pessoas)', 'Memes', 86, Fitness/Dança,Entretenimento,Amizade, Como atingir a sincronia máxima,Tutorial de coreografia para iniciantes,Quando o treino vira arte, '2025-12-25T17:06:45.000Z', '2025-12-18T17:06:45.000Z');
INSERT INTO virals (id, userId, source, title, category, viralProbability, suggestedNiches, suggestedAngles, expiresAt, collectedAt) VALUES (12, 1, 'viralhog', 'Fails de Realidade Virtual: Pessoa Caindo na Sala ao Jogar Novo Jogo de Ação', 'Tech', 82, Gaming/E-sports,Tecnologia VR,Humor, Os perigos da imersão total,Review de hardware VR: Teste de resistência,Setup de gaming que deu errado, '2025-12-25T17:06:45.000Z', '2025-12-18T17:06:45.000Z');
